Name,Employee Number,Email,Status,Project Start Date,Project End Date,Employee Grade,Skill Function,Skill Sub Function
John Smith,10000001,john.smith@example.com,ACTIVE,2025-01-01,2025-12-31,LEVEL_5,FUNCTIONAL_DESIGN,
Sarah Johnson,10000002,sarah.johnson@example.com,ACTIVE,2025-01-01,2025-12-31,LEVEL_6,TECHNICAL_DESIGN,FORGEROCK_IDM
Michael Chen,10000003,michael.chen@example.com,ACTIVE,2025-01-01,2025-12-31,LEVEL_7,BUILD,TALEND
Emily Davis,10000004,emily.davis@example.com,ACTIVE,2025-01-01,2025-12-31,LEVEL_5,TEST,AUTOMATED
David Wilson,10000005,david.wilson@example.com,ACTIVE,2025-01-01,2025-12-31,LEVEL_8,PLATFORM,
Jennifer Martinez,10000006,jennifer.martinez@example.com,ACTIVE,2025-01-01,2025-12-31,LEVEL_6,TECHNICAL_DESIGN,FORGEROCK_IG
Robert Taylor,10000007,robert.taylor@example.com,ACTIVE,2025-01-01,2025-12-31,LEVEL_7,BUILD,SAILPOINT
Lisa Anderson,10000008,lisa.anderson@example.com,ACTIVE,2025-01-01,2025-12-31,LEVEL_5,TEST,MANUAL
James Thomas,10000009,james.thomas@example.com,ACTIVE,2025-01-01,2025-12-31,LEVEL_6,FUNCTIONAL_DESIGN,
Maria Garcia,10000010,maria.garcia@example.com,ACTIVE,2025-01-01,2025-12-31,LEVEL_7,TECHNICAL_DESIGN,FORGEROCK_UI
Christopher Lee,10000011,christopher.lee@example.com,ACTIVE,2025-01-01,2025-12-31,LEVEL_8,BUILD,TALEND
Amanda White,10000012,amanda.white@example.com,ACTIVE,2025-01-01,2025-12-31,LEVEL_5,PLATFORM,
Matthew Harris,10000013,matthew.harris@example.com,ACTIVE,2025-01-01,2025-12-31,LEVEL_6,TEST,AUTOMATED
Jessica Clark,10000014,jessica.clark@example.com,ACTIVE,2025-01-01,2025-12-31,LEVEL_7,FUNCTIONAL_DESIGN,
Daniel Rodriguez,10000015,daniel.rodriguez@example.com,ACTIVE,2025-01-01,2025-12-31,LEVEL_5,TECHNICAL_DESIGN,SAILPOINT
Ashley Lewis,10000016,ashley.lewis@example.com,ACTIVE,2025-01-01,2025-12-31,LEVEL_8,BUILD,FORGEROCK_IDM
Joshua Walker,10000017,joshua.walker@example.com,ACTIVE,2025-01-01,2025-12-31,LEVEL_6,TEST,MANUAL
Melissa Hall,10000018,melissa.hall@example.com,ACTIVE,2025-01-01,2025-12-31,LEVEL_7,PLATFORM,
Andrew Allen,10000019,andrew.allen@example.com,ACTIVE,2025-01-01,2025-12-31,LEVEL_5,FUNCTIONAL_DESIGN,
Stephanie Young,10000020,stephanie.young@example.com,ACTIVE,2025-01-01,2025-12-31,LEVEL_6,TECHNICAL_DESIGN,FORGEROCK_IG
Kevin King,10000021,kevin.king@example.com,ACTIVE,2025-01-01,2025-12-31,LEVEL_7,BUILD,TALEND
Nicole Wright,10000022,nicole.wright@example.com,ACTIVE,2025-01-01,2025-12-31,LEVEL_8,TEST,AUTOMATED
Ryan Scott,10000023,ryan.scott@example.com,ACTIVE,2025-01-01,2025-12-31,LEVEL_5,PLATFORM,
Lauren Green,10000024,lauren.green@example.com,ACTIVE,2025-01-01,2025-12-31,LEVEL_6,FUNCTIONAL_DESIGN,
Brandon Adams,10000025,brandon.adams@example.com,ACTIVE,2025-01-01,2025-12-31,LEVEL_7,TECHNICAL_DESIGN,SAILPOINT
Rachel Baker,10000026,rachel.baker@example.com,ACTIVE,2025-01-01,2025-12-31,LEVEL_5,BUILD,FORGEROCK_UI
Justin Nelson,10000027,justin.nelson@example.com,ACTIVE,2025-01-01,2025-12-31,LEVEL_8,TEST,MANUAL
Megan Carter,10000028,megan.carter@example.com,ACTIVE,2025-01-01,2025-12-31,LEVEL_6,PLATFORM,
Tyler Mitchell,10000029,tyler.mitchell@example.com,ACTIVE,2025-01-01,2025-12-31,LEVEL_7,FUNCTIONAL_DESIGN,
Kimberly Perez,10000030,kimberly.perez@example.com,ACTIVE,2025-01-01,2025-12-31,LEVEL_5,TECHNICAL_DESIGN,FORGEROCK_IDM

